record_date,hour,time_period,flower,hearing,volume_db,noise_level,sight,light,color_rich,touch,body_temp,humidity,environment,vibe_score,comfort,aroma_strength,activity,peak_desc
2026-04-03,0,子时,昙花,10,12,3,5,3,5,12,35.4,35,20,35,40,5,睡觉,深度睡眠
2026-04-03,1,丑时,牵牛,10,12,3,5,3,5,12,35.4,35,20,35,40,5,睡觉,深度睡眠
2026-04-03,2,丑时,牵牛,10,12,3,5,3,5,12,35.5,35,20,35,40,5,睡觉,深度睡眠
2026-04-03,3,寅时,木槿,10,12,3,5,3,5,12,35.5,35,20,35,40,5,睡觉,深度睡眠
2026-04-03,4,寅时,木槿,10,12,3,5,3,5,12,35.6,35,20,35,40,5,睡觉,深度睡眠
2026-04-03,5,卯时,桃花,10,12,3,5,3,5,12,35.6,35,20,35,40,5,睡觉,深度睡眠
2026-04-03,6,卯时,桃花,10,12,3,5,3,5,12,35.7,35,20,35,40,5,睡觉,深度睡眠
2026-04-03,7,辰时,兰草,10,12,3,5,3,5,12,35.8,35,20,35,40,5,睡觉,深度睡眠
2026-04-03,8,辰时,兰草,10,12,3,5,3,5,12,35.8,35,20,35,40,5,睡觉,深度睡眠
2026-04-03,9,巳时,芍药,10,12,3,5,3,5,12,35.9,35,20,35,40,5,睡觉,深度睡眠
2026-04-03,10,巳时,芍药,40,42,15,45,35,42,45,35.9,48,52,68,63,22,起床,无课 10:00 起床
2026-04-03,11,午时,莲花,75,72,32,68,65,65,58,36.1,55,72,78,72,36,上课学习,课堂专注，听觉主导
2026-04-03,12,午时,莲花,35,38,22,35,30,35,40,36.0,45,42,52,56,18,休息,平稳状态
2026-04-03,13,未时,月季,35,38,22,35,30,35,40,35.9,45,42,52,56,18,休息,平稳状态
2026-04-03,14,未时,月季,75,72,32,68,65,65,58,36.1,55,72,78,72,36,上课学习,课堂专注，听觉主导
2026-04-03,15,申时,茉莉,75,72,32,68,65,65,58,36.1,55,72,78,72,36,上课学习,课堂专注，听觉主导
2026-04-03,16,申时,茉莉,75,72,32,68,65,65,58,36.1,55,72,78,72,36,上课学习,课堂专注，听觉主导
2026-04-03,17,酉时,桂花,75,72,32,68,65,65,58,36.1,55,72,78,72,36,上课学习,课堂专注，听觉主导
2026-04-03,18,酉时,桂花,75,72,32,68,65,65,58,36.1,55,72,78,72,36,上课学习,课堂专注，听觉主导
2026-04-03,19,戌时,萱草,68,70,62,36,26,32,50,35.9,60,46,52,56,31,骑电动车回宿舍,路噪环境
2026-04-03,20,戌时,萱草,68,70,62,36,26,32,50,35.9,60,46,52,56,31,骑电动车回宿舍,路噪环境
2026-04-03,21,亥时,夜来香,90,92,18,86,78,82,76,35.7,56,66,76,71,48,打游戏/追剧/看小说,视听触拉满
2026-04-03,22,亥时,夜来香,90,92,18,86,78,82,76,35.7,56,66,76,71,48,打游戏/追剧/看小说,视听触拉满
2026-04-03,23,子时,昙花,35,38,22,35,30,35,40,35.4,45,42,52,56,18,休息,平稳状态
2026-04-04,0,子时,昙花,10,12,3,5,3,5,12,35.4,35,20,35,40,5,睡觉,深度睡眠
2026-04-04,1,丑时,牵牛,10,12,3,5,3,5,12,35.4,35,20,35,40,5,睡觉,深度睡眠
2026-04-04,2,丑时,牵牛,10,12,3,5,3,5,12,35.5,35,20,35,40,5,睡觉,深度睡眠
2026-04-04,3,寅时,木槿,10,12,3,5,3,5,12,35.5,35,20,35,40,5,睡觉,深度睡眠
2026-04-04,4,寅时,木槿,10,12,3,5,3,5,12,35.6,35,20,35,40,5,睡觉,深度睡眠
2026-04-04,5,卯时,桃花,10,12,3,5,3,5,12,35.6,35,20,35,40,5,睡觉,深度睡眠
2026-04-04,6,卯时,桃花,10,12,3,5,3,5,12,35.7,35,20,35,40,5,睡觉,深度睡眠
2026-04-04,7,辰时,兰草,10,12,3,5,3,5,12,35.8,35,20,35,40,5,睡觉,深度睡眠
2026-04-04,8,辰时,兰草,10,12,3,5,3,5,12,35.8,35,20,35,40,5,睡觉,深度睡眠
2026-04-04,9,巳时,芍药,10,12,3,5,3,5,12,35.9,35,20,35,40,5,睡觉,深度睡眠
2026-04-04,10,巳时,芍药,40,42,15,45,35,42,45,35.9,48,52,68,63,22,起床,无课 10:00 起床
2026-04-04,11,午时,莲花,75,72,32,68,65,65,58,36.1,55,72,78,72,36,上课学习,课堂专注，听觉主导
2026-04-04,12,午时,莲花,35,38,22,35,30,35,40,36.0,45,42,52,56,18,休息,平稳状态
2026-04-04,13,未时,月季,35,38,22,35,30,35,40,35.9,45,42,52,56,18,休息,平稳状态
2026-04-04,14,未时,月季,75,72,32,68,65,65,58,36.1,55,72,78,72,36,上课学习,课堂专注，听觉主导
2026-04-04,15,申时,茉莉,75,72,32,68,65,65,58,36.1,55,72,78,72,36,上课学习,课堂专注，听觉主导
2026-04-04,16,申时,茉莉,75,72,32,68,65,65,58,36.1,55,72,78,72,36,上课学习,课堂专注，听觉主导
2026-04-04,17,酉时,桂花,75,72,32,68,65,65,58,36.1,55,72,78,72,36,上课学习,课堂专注，听觉主导
2026-04-04,18,酉时,桂花,75,72,32,68,65,65,58,36.1,55,72,78,72,36,上课学习,课堂专注，听觉主导
2026-04-04,19,戌时,萱草,68,70,62,36,26,32,50,35.9,60,46,52,56,31,骑电动车回宿舍,路噪环境
2026-04-04,20,戌时,萱草,68,70,62,36,26,32,50,35.9,60,46,52,56,31,骑电动车回宿舍,路噪环境
2026-04-04,21,亥时,夜来香,90,92,18,86,78,82,76,35.7,56,66,76,71,48,打游戏/追剧/看小说,视听触拉满
2026-04-04,22,亥时,夜来香,90,92,18,86,78,82,76,35.7,56,66,76,71,48,打游戏/追剧/看小说,视听触拉满
2026-04-04,23,子时,昙花,35,38,22,35,30,35,40,35.4,45,42,52,56,18,休息,平稳状态
2026-04-05,0,子时,昙花,10,12,3,5,3,5,12,35.4,35,20,35,40,5,睡觉,深度睡眠
2026-04-05,1,丑时,牵牛,10,12,3,5,3,5,12,35.4,35,20,35,40,5,睡觉,深度睡眠
2026-04-05,2,丑时,牵牛,10,12,3,5,3,5,12,35.5,35,20,35,40,5,睡觉,深度睡眠
2026-04-05,3,寅时,木槿,10,12,3,5,3,5,12,35.5,35,20,35,40,5,睡觉,深度睡眠
2026-04-05,4,寅时,木槿,10,12,3,5,3,5,12,35.6,35,20,35,40,5,睡觉,深度睡眠
2026-04-05,5,卯时,桃花,10,12,3,5,3,5,12,35.6,35,20,35,40,5,睡觉,深度睡眠
2026-04-05,6,卯时,桃花,10,12,3,5,3,5,12,35.7,35,20,35,40,5,睡觉,深度睡眠
2026-04-05,7,辰时,兰草,10,12,3,5,3,5,12,35.8,35,20,35,40,5,睡觉,深度睡眠
2026-04-05,8,辰时,兰草,10,12,3,5,3,5,12,35.8,35,20,35,40,5,睡觉,深度睡眠
2026-04-05,9,巳时,芍药,10,12,3,5,3,5,12,35.9,35,20,35,40,5,睡觉,深度睡眠
2026-04-05,10,巳时,芍药,40,42,15,45,35,42,45,35.9,48,52,68,63,22,起床,无课 10:00 起床
2026-04-05,11,午时,莲花,75,72,32,68,65,65,58,36.1,55,72,78,72,36,上课学习,课堂专注，听觉主导
2026-04-05,12,午时,莲花,35,38,22,35,30,35,40,36.0,45,42,52,56,18,休息,平稳状态
2026-04-05,13,未时,月季,35,38,22,35,30,35,40,35.9,45,42,52,56,18,休息,平稳状态
2026-04-05,14,未时,月季,75,72,32,68,65,65,58,36.1,55,72,78,72,36,上课学习,课堂专注，听觉主导
2026-04-05,15,申时,茉莉,75,72,32,68,65,65,58,36.1,55,72,78,72,36,上课学习,课堂专注，听觉主导
2026-04-05,16,申时,茉莉,75,72,32,68,65,65,58,36.1,55,72,78,72,36,上课学习,课堂专注，听觉主导
2026-04-05,17,酉时,桂花,75,72,32,68,65,65,58,36.1,55,72,78,72,36,上课学习,课堂专注，听觉主导
2026-04-05,18,酉时,桂花,75,72,32,68,65,65,58,36.1,55,72,78,72,36,上课学习,课堂专注，听觉主导
2026-04-05,19,戌时,萱草,68,70,62,36,26,32,50,35.9,60,46,52,56,31,骑电动车回宿舍,路噪环境
2026-04-05,20,戌时,萱草,68,70,62,36,26,32,50,35.9,60,46,52,56,31,骑电动车回宿舍,路噪环境
2026-04-05,21,亥时,夜来香,90,92,18,86,78,82,76,35.7,56,66,76,71,48,打游戏/追剧/看小说,视听触拉满
2026-04-05,22,亥时,夜来香,90,92,18,86,78,82,76,35.7,56,66,76,71,48,打游戏/追剧/看小说,视听触拉满
2026-04-05,23,子时,昙花,35,38,22,35,30,35,40,35.4,45,42,52,56,18,休息,平稳状态
2026-04-06,0,子时,昙花,10,12,3,5,3,5,12,35.4,35,20,35,40,5,睡觉,深度睡眠
2026-04-06,1,丑时,牵牛,10,12,3,5,3,5,12,35.4,35,20,35,40,5,睡觉,深度睡眠
2026-04-06,2,丑时,牵牛,10,12,3,5,3,5,12,35.5,35,20,35,40,5,睡觉,深度睡眠
2026-04-06,3,寅时,木槿,10,12,3,5,3,5,12,35.5,35,20,35,40,5,睡觉,深度睡眠
2026-04-06,4,寅时,木槿,10,12,3,5,3,5,12,35.6,35,20,35,40,5,睡觉,深度睡眠
2026-04-06,5,卯时,桃花,10,12,3,5,3,5,12,35.6,35,20,35,40,5,睡觉,深度睡眠
2026-04-06,6,卯时,桃花,10,12,3,5,3,5,12,35.7,35,20,35,40,5,睡觉,深度睡眠
2026-04-06,7,辰时,兰草,45,48,18,50,40,45,48,35.8,50,55,70,65,24,起床,早八 07:20 起床
2026-04-06,8,辰时,兰草,75,72,32,68,65,65,58,36.1,55,72,78,72,36,上课学习,课堂专注，听觉主导
2026-04-06,9,巳时,芍药,75,72,32,68,65,65,58,36.1,55,72,78,72,36,上课学习,课堂专注，听觉主导
2026-04-06,10,巳时,芍药,75,72,32,68,65,65,58,36.1,55,72,78,72,36,上课学习,课堂专注，听觉主导
2026-04-06,11,午时,莲花,75,72,32,68,65,65,58,36.1,55,72,78,72,36,上课学习,课堂专注，听觉主导
2026-04-06,12,午时,莲花,35,38,22,35,30,35,40,36.0,45,42,52,56,18,休息,平稳状态
2026-04-06,13,未时,月季,35,38,22,35,30,35,40,35.9,45,42,52,56,18,休息,平稳状态
2026-04-06,14,未时,月季,75,72,32,68,65,65,58,36.1,55,72,78,72,36,上课学习,课堂专注，听觉主导
2026-04-06,15,申时,茉莉,75,72,32,68,65,65,58,36.1,55,72,78,72,36,上课学习,课堂专注，听觉主导
2026-04-06,16,申时,茉莉,75,72,32,68,65,65,58,36.1,55,72,78,72,36,上课学习,课堂专注，听觉主导
2026-04-06,17,酉时,桂花,75,72,32,68,65,65,58,36.1,55,72,78,72,36,上课学习,课堂专注，听觉主导
2026-04-06,18,酉时,桂花,75,72,32,68,65,65,58,36.1,55,72,78,72,36,上课学习,课堂专注，听觉主导
2026-04-06,19,戌时,萱草,68,70,62,36,26,32,50,35.9,60,46,52,56,31,骑电动车回宿舍,路噪环境
2026-04-06,20,戌时,萱草,68,70,62,36,26,32,50,35.9,60,46,52,56,31,骑电动车回宿舍,路噪环境
2026-04-06,21,亥时,夜来香,90,92,18,86,78,82,76,35.7,56,66,76,71,48,打游戏/追剧/看小说,视听触拉满
2026-04-06,22,亥时,夜来香,90,92,18,86,78,82,76,35.7,56,66,76,71,48,打游戏/追剧/看小说,视听触拉满
2026-04-06,23,子时,昙花,35,38,22,35,30,35,40,35.4,45,42,52,56,18,休息,平稳状态
2026-04-07,0,子时,昙花,10,12,3,5,3,5,12,35.4,35,20,35,40,5,睡觉,深度睡眠
2026-04-07,1,丑时,牵牛,10,12,3,5,3,5,12,35.4,35,20,35,40,5,睡觉,深度睡眠
2026-04-07,2,丑时,牵牛,10,12,3,5,3,5,12,35.5,35,20,35,40,5,睡觉,深度睡眠
2026-04-07,3,寅时,木槿,10,12,3,5,3,5,12,35.5,35,20,35,40,5,睡觉,深度睡眠
2026-04-07,4,寅时,木槿,10,12,3,5,3,5,12,35.6,35,20,35,40,5,睡觉,深度睡眠
2026-04-07,5,卯时,桃花,10,12,3,5,3,5,12,35.6,35,20,35,40,5,睡觉,深度睡眠
2026-04-07,6,卯时,桃花,10,12,3,5,3,5,12,35.7,35,20,35,40,5,睡觉,深度睡眠
2026-04-07,7,辰时,兰草,10,12,3,5,3,5,12,35.8,35,20,35,40,5,睡觉,深度睡眠
2026-04-07,8,辰时,兰草,10,12,3,5,3,5,12,35.8,35,20,35,40,5,睡觉,深度睡眠
2026-04-07,9,巳时,芍药,42,44,16,48,40,46,46,35.9,48,55,70,66,23,起床,早十 09:30 起床
2026-04-07,10,巳时,芍药,75,72,32,68,65,65,58,36.1,55,72,78,72,36,上课学习,课堂专注，听觉主导
2026-04-07,11,午时,莲花,75,72,32,68,65,65,58,36.1,55,72,78,72,36,上课学习,课堂专注，听觉主导
2026-04-07,12,午时,莲花,35,38,22,35,30,35,40,36.0,45,42,52,56,18,休息,平稳状态
2026-04-07,13,未时,月季,35,38,22,35,30,35,40,35.9,45,42,52,56,18,休息,平稳状态
2026-04-07,14,未时,月季,75,72,32,68,65,65,58,36.1,55,72,78,72,36,上课学习,课堂专注，听觉主导
2026-04-07,15,申时,茉莉,75,72,32,68,65,65,58,36.1,55,72,78,72,36,上课学习,课堂专注，听觉主导
2026-04-07,16,申时,茉莉,75,72,32,68,65,65,58,36.1,55,72,78,72,36,上课学习,课堂专注，听觉主导
2026-04-07,17,酉时,桂花,75,72,32,68,65,65,58,36.1,55,72,78,72,36,上课学习,课堂专注，听觉主导
2026-04-07,18,酉时,桂花,75,72,32,68,65,65,58,36.1,55,72,78,72,36,上课学习,课堂专注，听觉主导
2026-04-07,19,戌时,萱草,68,70,62,36,26,32,50,35.9,60,46,52,56,31,骑电动车回宿舍,路噪环境
2026-04-07,20,戌时,萱草,68,70,62,36,26,32,50,35.9,60,46,52,56,31,骑电动车回宿舍,路噪环境
2026-04-07,21,亥时,夜来香,90,92,18,86,78,82,76,35.7,56,66,76,71,48,打游戏/追剧/看小说,视听触拉满
2026-04-07,22,亥时,夜来香,90,92,18,86,78,82,76,35.7,56,66,76,71,48,打游戏/追剧/看小说,视听触拉满
2026-04-07,23,子时,昙花,35,38,22,35,30,35,40,35.4,45,42,52,56,18,休息,平稳状态
2026-04-08,0,子时,昙花,10,12,3,5,3,5,12,35.4,35,20,35,40,5,睡觉,深度睡眠
2026-04-08,1,丑时,牵牛,10,12,3,5,3,5,12,35.4,35,20,35,40,5,睡觉,深度睡眠
2026-04-08,2,丑时,牵牛,10,12,3,5,3,5,12,35.5,35,20,35,40,5,睡觉,深度睡眠
2026-04-08,3,寅时,木槿,10,12,3,5,3,5,12,35.5,35,20,35,40,5,睡觉,深度睡眠
2026-04-08,4,寅时,木槿,10,12,3,5,3,5,12,35.6,35,20,35,40,5,睡觉,深度睡眠
2026-04-08,5,卯时,桃花,10,12,3,5,3,5,12,35.6,35,20,35,40,5,睡觉,深度睡眠
2026-04-08,6,卯时,桃花,10,12,3,5,3,5,12,35.7,35,20,35,40,5,睡觉,深度睡眠
2026-04-08,7,辰时,兰草,45,48,18,50,40,45,48,35.8,50,55,70,65,24,起床,早八 07:20 起床
2026-04-08,8,辰时,兰草,75,72,32,68,65,65,58,36.1,55,72,78,72,36,上课学习,课堂专注，听觉主导
2026-04-08,9,巳时,芍药,75,72,32,68,65,65,58,36.1,55,72,78,72,36,上课学习,课堂专注，听觉主导
2026-04-08,10,巳时,芍药,75,72,32,68,65,65,58,36.1,55,72,78,72,36,上课学习,课堂专注，听觉主导
2026-04-08,11,午时,莲花,75,72,32,68,65,65,58,36.1,55,72,78,72,36,上课学习,课堂专注，听觉主导
2026-04-08,12,午时,莲花,35,38,22,35,30,35,40,36.0,45,42,52,56,18,休息,平稳状态
2026-04-08,13,未时,月季,35,38,22,35,30,35,40,35.9,45,42,52,56,18,休息,平稳状态
2026-04-08,14,未时,月季,75,72,32,68,65,65,58,36.1,55,72,78,72,36,上课学习,课堂专注，听觉主导
2026-04-08,15,申时,茉莉,75,72,32,68,65,65,58,36.1,55,72,78,72,36,上课学习,课堂专注，听觉主导
2026-04-08,16,申时,茉莉,75,72,32,68,65,65,58,36.1,55,72,78,72,36,上课学习,课堂专注，听觉主导
2026-04-08,17,酉时,桂花,75,72,32,68,65,65,58,36.1,55,72,78,72,36,上课学习,课堂专注，听觉主导
2026-04-08,18,酉时,桂花,75,72,32,68,65,65,58,36.1,55,72,78,72,36,上课学习,课堂专注，听觉主导
2026-04-08,19,戌时,萱草,68,70,62,36,26,32,50,35.9,60,46,52,56,31,骑电动车回宿舍,路噪环境
2026-04-08,20,戌时,萱草,68,70,62,36,26,32,50,35.9,60,46,52,56,31,骑电动车回宿舍,路噪环境
2026-04-08,21,亥时,夜来香,90,92,18,86,78,82,76,35.7,56,66,76,71,48,打游戏/追剧/看小说,视听触拉满
2026-04-08,22,亥时,夜来香,90,92,18,86,78,82,76,35.7,56,66,76,71,48,打游戏/追剧/看小说,视听触拉满
2026-04-08,23,子时,昙花,35,38,22,35,30,35,40,35.4,45,42,52,56,18,休息,平稳状态
2026-04-09,0,子时,昙花,10,12,3,5,3,5,12,35.4,35,20,35,40,5,睡觉,深度睡眠
2026-04-09,1,丑时,牵牛,10,12,3,5,3,5,12,35.4,35,20,35,40,5,睡觉,深度睡眠
2026-04-09,2,丑时,牵牛,10,12,3,5,3,5,12,35.5,35,20,35,40,5,睡觉,深度睡眠
2026-04-09,3,寅时,木槿,10,12,3,5,3,5,12,35.5,35,20,35,40,5,睡觉,深度睡眠
2026-04-09,4,寅时,木槿,10,12,3,5,3,5,12,35.6,35,20,35,40,5,睡觉,深度睡眠
2026-04-09,5,卯时,桃花,10,12,3,5,3,5,12,35.6,35,20,35,40,5,睡觉,深度睡眠
2026-04-09,6,卯时,桃花,10,12,3,5,3,5,12,35.7,35,20,35,40,5,睡觉,深度睡眠
2026-04-09,7,辰时,兰草,10,12,3,5,3,5,12,35.8,35,20,35,40,5,睡觉,深度睡眠
2026-04-09,8,辰时,兰草,10,12,3,5,3,5,12,35.8,35,20,35,40,5,睡觉,深度睡眠
2026-04-09,9,巳时,芍药,42,44,16,48,40,46,46,35.9,48,55,70,66,23,起床,早十 09:30 起床
2026-04-09,10,巳时,芍药,75,72,32,68,65,65,58,36.1,55,72,78,72,36,上课学习,课堂专注，听觉主导
2026-04-09,11,午时,莲花,75,72,32,68,65,65,58,36.1,55,72,78,72,36,上课学习,课堂专注，听觉主导
2026-04-09,12,午时,莲花,35,38,22,35,30,35,40,36.0,45,42,52,56,18,休息,平稳状态
2026-04-09,13,未时,月季,35,38,22,35,30,35,40,35.9,45,42,52,56,18,休息,平稳状态
2026-04-09,14,未时,月季,75,72,32,68,65,65,58,36.1,55,72,78,72,36,上课学习,课堂专注，听觉主导
2026-04-09,15,申时,茉莉,75,72,32,68,65,65,58,36.1,55,72,78,72,36,上课学习,课堂专注，听觉主导
2026-04-09,16,申时,茉莉,75,72,32,68,65,65,58,36.1,55,72,78,72,36,上课学习,课堂专注，听觉主导
2026-04-09,17,酉时,桂花,75,72,32,68,65,65,58,36.1,55,72,78,72,36,上课学习,课堂专注，听觉主导
2026-04-09,18,酉时,桂花,75,72,32,68,65,65,58,36.1,55,72,78,72,36,上课学习,课堂专注，听觉主导
2026-04-09,19,戌时,萱草,68,70,62,36,26,32,50,35.9,60,46,52,56,31,骑电动车回宿舍,路噪环境
2026-04-09,20,戌时,萱草,68,70,62,36,26,32,50,35.9,60,46,52,56,31,骑电动车回宿舍,路噪环境
2026-04-09,21,亥时,夜来香,90,92,18,86,78,82,76,35.7,56,66,76,71,48,打游戏/追剧/看小说,视听触拉满
2026-04-09,22,亥时,夜来香,90,92,18,86,78,82,76,35.7,56,66,76,71,48,打游戏/追剧/看小说,视听触拉满
2026-04-09,23,子时,昙花,35,38,22,35,30,35,40,35.4,45,42,52,56,18,休息,平稳状态
2026-04-10,0,子时,昙花,10,12,3,5,3,5,12,35.4,35,20,35,40,5,睡觉,深度睡眠
2026-04-10,1,丑时,牵牛,10,12,3,5,3,5,12,35.4,35,20,35,40,5,睡觉,深度睡眠
2026-04-10,2,丑时,牵牛,10,12,3,5,3,5,12,35.5,35,20,35,40,5,睡觉,深度睡眠
2026-04-10,3,寅时,木槿,10,12,3,5,3,5,12,35.5,35,20,35,40,5,睡觉,深度睡眠
2026-04-10,4,寅时,木槿,10,12,3,5,3,5,12,35.6,35,20,35,40,5,睡觉,深度睡眠
2026-04-10,5,卯时,桃花,10,12,3,5,3,5,12,35.6,35,20,35,40,5,睡觉,深度睡眠
2026-04-10,6,卯时,桃花,10,12,3,5,3,5,12,35.7,35,20,35,40,5,睡觉,深度睡眠
2026-04-10,7,辰时,兰草,10,12,3,5,3,5,12,35.8,35,20,35,40,5,睡觉,深度睡眠
2026-04-10,8,辰时,兰草,10,12,3,5,3,5,12,35.8,35,20,35,40,5,睡觉,深度睡眠
2026-04-10,9,巳时,芍药,10,12,3,5,3,5,12,35.9,35,20,35,40,5,睡觉,深度睡眠
2026-04-10,10,巳时,芍药,40,42,15,45,35,42,45,35.9,48,52,68,63,22,起床,无课 10:00 起床
2026-04-10,11,午时,莲花,75,72,32,68,65,65,58,36.1,55,72,78,72,36,上课学习,课堂专注，听觉主导
2026-04-10,12,午时,莲花,35,38,22,35,30,35,40,36.0,45,42,52,56,18,休息,平稳状态
2026-04-10,13,未时,月季,35,38,22,35,30,35,40,35.9,45,42,52,56,18,休息,平稳状态
2026-04-10,14,未时,月季,75,72,32,68,65,65,58,36.1,55,72,78,72,36,上课学习,课堂专注，听觉主导
2026-04-10,15,申时,茉莉,75,72,32,68,65,65,58,36.1,55,72,78,72,36,上课学习,课堂专注，听觉主导
2026-04-10,16,申时,茉莉,75,72,32,68,65,65,58,36.1,55,72,78,72,36,上课学习,课堂专注，听觉主导
2026-04-10,17,酉时,桂花,75,72,32,68,65,65,58,36.1,55,72,78,72,36,上课学习,课堂专注，听觉主导
2026-04-10,18,酉时,桂花,75,72,32,68,65,65,58,36.1,55,72,78,72,36,上课学习,课堂专注，听觉主导
2026-04-10,19,戌时,萱草,68,70,62,36,26,32,50,35.9,60,46,52,56,31,骑电动车回宿舍,路噪环境
2026-04-10,20,戌时,萱草,68,70,62,36,26,32,50,35.9,60,46,52,56,31,骑电动车回宿舍,路噪环境
2026-04-10,21,亥时,夜来香,90,92,18,86,78,82,76,35.7,56,66,76,71,48,打游戏/追剧/看小说,视听触拉满
2026-04-10,22,亥时,夜来香,90,92,18,86,78,82,76,35.7,56,66,76,71,48,打游戏/追剧/看小说,视听触拉满
2026-04-10,23,子时,昙花,35,38,22,35,30,35,40,35.4,45,42,52,56,18,休息,平稳状态
2026-04-11,0,子时,昙花,10,12,3,5,3,5,12,35.4,35,20,35,40,5,睡觉,深度睡眠
2026-04-11,1,丑时,牵牛,10,12,3,5,3,5,12,35.4,35,20,35,40,5,睡觉,深度睡眠
2026-04-11,2,丑时,牵牛,10,12,3,5,3,5,12,35.5,35,20,35,40,5,睡觉,深度睡眠
2026-04-11,3,寅时,木槿,10,12,3,5,3,5,12,35.5,35,20,35,40,5,睡觉,深度睡眠
2026-04-11,4,寅时,木槿,10,12,3,5,3,5,12,35.6,35,20,35,40,5,睡觉,深度睡眠
2026-04-11,5,卯时,桃花,10,12,3,5,3,5,12,35.6,35,20,35,40,5,睡觉,深度睡眠
2026-04-11,6,卯时,桃花,10,12,3,5,3,5,12,35.7,35,20,35,40,5,睡觉,深度睡眠
2026-04-11,7,辰时,兰草,10,12,3,5,3,5,12,35.8,35,20,35,40,5,睡觉,深度睡眠
2026-04-11,8,辰时,兰草,10,12,3,5,3,5,12,35.8,35,20,35,40,5,睡觉,深度睡眠
2026-04-11,9,巳时,芍药,10,12,3,5,3,5,12,35.9,35,20,35,40,5,睡觉,深度睡眠
2026-04-11,10,巳时,芍药,40,42,15,45,35,42,45,35.9,48,52,68,63,22,起床,无课 10:00 起床
2026-04-11,11,午时,莲花,75,72,32,68,65,65,58,36.1,55,72,78,72,36,上课学习,课堂专注，听觉主导
2026-04-11,12,午时,莲花,35,38,22,35,30,35,40,36.0,45,42,52,56,18,休息,平稳状态
2026-04-11,13,未时,月季,35,38,22,35,30,35,40,35.9,45,42,52,56,18,休息,平稳状态
2026-04-11,14,未时,月季,75,72,32,68,65,65,58,36.1,55,72,78,72,36,上课学习,课堂专注，听觉主导
2026-04-11,15,申时,茉莉,75,72,32,68,65,65,58,36.1,55,72,78,72,36,上课学习,课堂专注，听觉主导
2026-04-11,16,申时,茉莉,75,72,32,68,65,65,58,36.1,55,72,78,72,36,上课学习,课堂专注，听觉主导
2026-04-11,17,酉时,桂花,75,72,32,68,65,65,58,36.1,55,72,78,72,36,上课学习,课堂专注，听觉主导
2026-04-11,18,酉时,桂花,75,72,32,68,65,65,58,36.1,55,72,78,72,36,上课学习,课堂专注，听觉主导
2026-04-11,19,戌时,萱草,68,70,62,36,26,32,50,35.9,60,46,52,56,31,骑电动车回宿舍,路噪环境
2026-04-11,20,戌时,萱草,68,70,62,36,26,32,50,35.9,60,46,52,56,31,骑电动车回宿舍,路噪环境
2026-04-11,21,亥时,夜来香,90,92,18,86,78,82,76,35.7,56,66,76,71,48,打游戏/追剧/看小说,视听触拉满
2026-04-11,22,亥时,夜来香,90,92,18,86,78,82,76,35.7,56,66,76,71,48,打游戏/追剧/看小说,视听触拉满
2026-04-11,23,子时,昙花,35,38,22,35,30,35,40,35.4,45,42,52,56,18,休息,平稳状态
2026-04-12,0,子时,昙花,10,12,3,5,3,5,12,35.4,35,20,35,40,5,睡觉,深度睡眠
2026-04-12,1,丑时,牵牛,10,12,3,5,3,5,12,35.4,35,20,35,40,5,睡觉,深度睡眠
2026-04-12,2,丑时,牵牛,10,12,3,5,3,5,12,35.5,35,20,35,40,5,睡觉,深度睡眠
2026-04-12,3,寅时,木槿,10,12,3,5,3,5,12,35.5,35,20,35,40,5,睡觉,深度睡眠
2026-04-12,4,寅时,木槿,10,12,3,5,3,5,12,35.6,35,20,35,40,5,睡觉,深度睡眠
2026-04-12,5,卯时,桃花,10,12,3,5,3,5,12,35.6,35,20,35,40,5,睡觉,深度睡眠
2026-04-12,6,卯时,桃花,10,12,3,5,3,5,12,35.7,35,20,35,40,5,睡觉,深度睡眠
2026-04-12,7,辰时,兰草,10,12,3,5,3,5,12,35.8,35,20,35,40,5,睡觉,深度睡眠
2026-04-12,8,辰时,兰草,10,12,3,5,3,5,12,35.8,35,20,35,40,5,睡觉,深度睡眠
2026-04-12,9,巳时,芍药,10,12,3,5,3,5,12,35.9,35,20,35,40,5,睡觉,深度睡眠
2026-04-12,10,巳时,芍药,40,42,15,45,35,42,45,35.9,48,52,68,63,22,起床,无课 10:00 起床
2026-04-12,11,午时,莲花,75,72,32,68,65,65,58,36.1,55,72,78,72,36,上课学习,课堂专注，听觉主导
2026-04-12,12,午时,莲花,35,38,22,35,30,35,40,36.0,45,42,52,56,18,休息,平稳状态
2026-04-12,13,未时,月季,35,38,22,35,30,35,40,35.9,45,42,52,56,18,休息,平稳状态
2026-04-12,14,未时,月季,75,72,32,68,65,65,58,36.1,55,72,78,72,36,上课学习,课堂专注，听觉主导
2026-04-12,15,申时,茉莉,75,72,32,68,65,65,58,36.1,55,72,78,72,36,上课学习,课堂专注，听觉主导
2026-04-12,16,申时,茉莉,75,72,32,68,65,65,58,36.1,55,72,78,72,36,上课学习,课堂专注，听觉主导
2026-04-12,17,酉时,桂花,75,72,32,68,65,65,58,36.1,55,72,78,72,36,上课学习,课堂专注，听觉主导
2026-04-12,18,酉时,桂花,75,72,32,68,65,65,58,36.1,55,72,78,72,36,上课学习,课堂专注，听觉主导
2026-04-12,19,戌时,萱草,68,70,62,36,26,32,50,35.9,60,46,52,56,31,骑电动车回宿舍,路噪环境
2026-04-12,20,戌时,萱草,68,70,62,36,26,32,50,35.9,60,46,52,56,31,骑电动车回宿舍,路噪环境
2026-04-12,21,亥时,夜来香,90,92,18,86,78,82,76,35.7,56,66,76,71,48,打游戏/追剧/看小说,视听触拉满
2026-04-12,22,亥时,夜来香,90,92,18,86,78,82,76,35.7,56,66,76,71,48,打游戏/追剧/看小说,视听触拉满
2026-04-12,23,子时,昙花,35,38,22,35,30,35,40,35.4,45,42,52,56,18,休息,平稳状态
2026-04-13,0,子时,昙花,10,12,3,5,3,5,12,35.4,35,20,35,40,5,睡觉,深度睡眠
2026-04-13,1,丑时,牵牛,10,12,3,5,3,5,12,35.4,35,20,35,40,5,睡觉,深度睡眠
2026-04-13,2,丑时,牵牛,10,12,3,5,3,5,12,35.5,35,20,35,40,5,睡觉,深度睡眠
2026-04-13,3,寅时,木槿,10,12,3,5,3,5,12,35.5,35,20,35,40,5,睡觉,深度睡眠
2026-04-13,4,寅时,木槿,10,12,3,5,3,5,12,35.6,35,20,35,40,5,睡觉,深度睡眠
2026-04-13,5,卯时,桃花,10,12,3,5,3,5,12,35.6,35,20,35,40,5,睡觉,深度睡眠
2026-04-13,6,卯时,桃花,10,12,3,5,3,5,12,35.7,35,20,35,40,5,睡觉,深度睡眠
2026-04-13,7,辰时,兰草,45,48,18,50,40,45,48,35.8,50,55,70,65,24,起床,早八 07:20 起床
2026-04-13,8,辰时,兰草,75,72,32,68,65,65,58,36.1,55,72,78,72,36,上课学习,课堂专注，听觉主导
2026-04-13,9,巳时,芍药,75,72,32,68,65,65,58,36.1,55,72,78,72,36,上课学习,课堂专注，听觉主导
2026-04-13,10,巳时,芍药,75,72,32,68,65,65,58,36.1,55,72,78,72,36,上课学习,课堂专注，听觉主导
2026-04-13,11,午时,莲花,75,72,32,68,65,65,58,36.1,55,72,78,72,36,上课学习,课堂专注，听觉主导
2026-04-13,12,午时,莲花,35,38,22,35,30,35,40,36.0,45,42,52,56,18,休息,平稳状态
2026-04-13,13,未时,月季,35,38,22,35,30,35,40,35.9,45,42,52,56,18,休息,平稳状态
2026-04-13,14,未时,月季,75,72,32,68,65,65,58,36.1,55,72,78,72,36,上课学习,课堂专注，听觉主导
2026-04-13,15,申时,茉莉,75,72,32,68,65,65,58,36.1,55,72,78,72,36,上课学习,课堂专注，听觉主导
2026-04-13,16,申时,茉莉,75,72,32,68,65,65,58,36.1,55,72,78,72,36,上课学习,课堂专注，听觉主导
2026-04-13,17,酉时,桂花,75,72,32,68,65,65,58,36.1,55,72,78,72,36,上课学习,课堂专注，听觉主导
2026-04-13,18,酉时,桂花,75,72,32,68,65,65,58,36.1,55,72,78,72,36,上课学习,课堂专注，听觉主导
2026-04-13,19,戌时,萱草,68,70,62,36,26,32,50,35.9,60,46,52,56,31,骑电动车回宿舍,路噪环境
2026-04-13,20,戌时,萱草,68,70,62,36,26,32,50,35.9,60,46,52,56,31,骑电动车回宿舍,路噪环境
2026-04-13,21,亥时,夜来香,90,92,18,86,78,82,76,35.7,56,66,76,71,48,打游戏/追剧/看小说,视听触拉满
2026-04-13,22,亥时,夜来香,90,92,18,86,78,82,76,35.7,56,66,76,71,48,打游戏/追剧/看小说,视听触拉满
2026-04-13,23,子时,昙花,35,38,22,35,30,35,40,35.4,45,42,52,56,18,休息,平稳状态
2026-04-14,0,子时,昙花,10,12,3,5,3,5,12,35.4,35,20,35,40,5,睡觉,深度睡眠
2026-04-14,1,丑时,牵牛,10,12,3,5,3,5,12,35.4,35,20,35,40,5,睡觉,深度睡眠
2026-04-14,2,丑时,牵牛,10,12,3,5,3,5,12,35.5,35,20,35,40,5,睡觉,深度睡眠
2026-04-14,3,寅时,木槿,10,12,3,5,3,5,12,35.5,35,20,35,40,5,睡觉,深度睡眠
2026-04-14,4,寅时,木槿,10,12,3,5,3,5,12,35.6,35,20,35,40,5,睡觉,深度睡眠
2026-04-14,5,卯时,桃花,10,12,3,5,3,5,12,35.6,35,20,35,40,5,睡觉,深度睡眠
2026-04-14,6,卯时,桃花,10,12,3,5,3,5,12,35.7,35,20,35,40,5,睡觉,深度睡眠
2026-04-14,7,辰时,兰草,10,12,3,5,3,5,12,35.8,35,20,35,40,5,睡觉,深度睡眠
2026-04-14,8,辰时,兰草,10,12,3,5,3,5,12,35.8,35,20,35,40,5,睡觉,深度睡眠
2026-04-14,9,巳时,芍药,42,44,16,48,40,46,46,35.9,48,55,70,66,23,起床,早十 09:30 起床
2026-04-14,10,巳时,芍药,75,72,32,68,65,65,58,36.1,55,72,78,72,36,上课学习,课堂专注，听觉主导
2026-04-14,11,午时,莲花,75,72,32,68,65,65,58,36.1,55,72,78,72,36,上课学习,课堂专注，听觉主导
2026-04-14,12,午时,莲花,35,38,22,35,30,35,40,36.0,45,42,52,56,18,休息,平稳状态
2026-04-14,13,未时,月季,35,38,22,35,30,35,40,35.9,45,42,52,56,18,休息,平稳状态
2026-04-14,14,未时,月季,75,72,32,68,65,65,58,36.1,55,72,78,72,36,上课学习,课堂专注，听觉主导
2026-04-14,15,申时,茉莉,75,72,32,68,65,65,58,36.1,55,72,78,72,36,上课学习,课堂专注，听觉主导
2026-04-14,16,申时,茉莉,75,72,32,68,65,65,58,36.1,55,72,78,72,36,上课学习,课堂专注，听觉主导
2026-04-14,17,酉时,桂花,75,72,32,68,65,65,58,36.1,55,72,78,72,36,上课学习,课堂专注，听觉主导
2026-04-14,18,酉时,桂花,75,72,32,68,65,65,58,36.1,55,72,78,72,36,上课学习,课堂专注，听觉主导
2026-04-14,19,戌时,萱草,68,70,62,36,26,32,50,35.9,60,46,52,56,31,骑电动车回宿舍,路噪环境
2026-04-14,20,戌时,萱草,68,70,62,36,26,32,50,35.9,60,46,52,56,31,骑电动车回宿舍,路噪环境
2026-04-14,21,亥时,夜来香,90,92,18,86,78,82,76,35.7,56,66,76,71,48,打游戏/追剧/看小说,视听触拉满
2026-04-14,22,亥时,夜来香,90,92,18,86,78,82,76,35.7,56,66,76,71,48,打游戏/追剧/看小说,视听触拉满
2026-04-14,23,子时,昙花,35,38,22,35,30,35,40,35.4,45,42,52,56,18,休息,平稳状态
2026-04-15,0,子时,昙花,10,12,3,5,3,5,12,35.4,35,20,35,40,5,睡觉,深度睡眠
2026-04-15,1,丑时,牵牛,10,12,3,5,3,5,12,35.4,35,20,35,40,5,睡觉,深度睡眠
2026-04-15,2,丑时,牵牛,10,12,3,5,3,5,12,35.5,35,20,35,40,5,睡觉,深度睡眠
2026-04-15,3,寅时,木槿,10,12,3,5,3,5,12,35.5,35,20,35,40,5,睡觉,深度睡眠
2026-04-15,4,寅时,木槿,10,12,3,5,3,5,12,35.6,35,20,35,40,5,睡觉,深度睡眠
2026-04-15,5,卯时,桃花,10,12,3,5,3,5,12,35.6,35,20,35,40,5,睡觉,深度睡眠
2026-04-15,6,卯时,桃花,10,12,3,5,3,5,12,35.7,35,20,35,40,5,睡觉,深度睡眠
2026-04-15,7,辰时,兰草,45,48,18,50,40,45,48,35.8,50,55,70,65,24,起床,早八 07:20 起床
2026-04-15,8,辰时,兰草,75,72,32,68,65,65,58,36.1,55,72,78,72,36,上课学习,课堂专注，听觉主导
2026-04-15,9,巳时,芍药,75,72,32,68,65,65,58,36.1,55,72,78,72,36,上课学习,课堂专注，听觉主导
2026-04-15,10,巳时,芍药,75,72,32,68,65,65,58,36.1,55,72,78,72,36,上课学习,课堂专注，听觉主导
2026-04-15,11,午时,莲花,75,72,32,68,65,65,58,36.1,55,72,78,72,36,上课学习,课堂专注，听觉主导
2026-04-15,12,午时,莲花,35,38,22,35,30,35,40,36.0,45,42,52,56,18,休息,平稳状态
2026-04-15,13,未时,月季,35,38,22,35,30,35,40,35.9,45,42,52,56,18,休息,平稳状态
2026-04-15,14,未时,月季,75,72,32,68,65,65,58,36.1,55,72,78,72,36,上课学习,课堂专注，听觉主导
2026-04-15,15,申时,茉莉,75,72,32,68,65,65,58,36.1,55,72,78,72,36,上课学习,课堂专注，听觉主导
2026-04-15,16,申时,茉莉,75,72,32,68,65,65,58,36.1,55,72,78,72,36,上课学习,课堂专注，听觉主导
2026-04-15,17,酉时,桂花,75,72,32,68,65,65,58,36.1,55,72,78,72,36,上课学习,课堂专注，听觉主导
2026-04-15,18,酉时,桂花,75,72,32,68,65,65,58,36.1,55,72,78,72,36,上课学习,课堂专注，听觉主导
2026-04-15,19,戌时,萱草,68,70,62,36,26,32,50,35.9,60,46,52,56,31,骑电动车回宿舍,路噪环境
2026-04-15,20,戌时,萱草,68,70,62,36,26,32,50,35.9,60,46,52,56,31,骑电动车回宿舍,路噪环境
2026-04-15,21,亥时,夜来香,90,92,18,86,78,82,76,35.7,56,66,76,71,48,打游戏/追剧/看小说,视听触拉满
2026-04-15,22,亥时,夜来香,90,92,18,86,78,82,76,35.7,56,66,76,71,48,打游戏/追剧/看小说,视听触拉满
2026-04-15,23,子时,昙花,35,38,22,35,30,35,40,35.4,45,42,52,56,18,休息,平稳状态
2026-04-16,0,子时,昙花,10,12,3,5,3,5,12,35.4,35,20,35,40,5,睡觉,深度睡眠
2026-04-16,1,丑时,牵牛,10,12,3,5,3,5,12,35.4,35,20,35,40,5,睡觉,深度睡眠
2026-04-16,2,丑时,牵牛,10,12,3,5,3,5,12,35.5,35,20,35,40,5,睡觉,深度睡眠
2026-04-16,3,寅时,木槿,10,12,3,5,3,5,12,35.5,35,20,35,40,5,睡觉,深度睡眠
2026-04-16,4,寅时,木槿,10,12,3,5,3,5,12,35.6,35,20,35,40,5,睡觉,深度睡眠
2026-04-16,5,卯时,桃花,10,12,3,5,3,5,12,35.6,35,20,35,40,5,睡觉,深度睡眠
2026-04-16,6,卯时,桃花,10,12,3,5,3,5,12,35.7,35,20,35,40,5,睡觉,深度睡眠
2026-04-16,7,辰时,兰草,10,12,3,5,3,5,12,35.8,35,20,35,40,5,睡觉,深度睡眠
2026-04-16,8,辰时,兰草,10,12,3,5,3,5,12,35.8,35,20,35,40,5,睡觉,深度睡眠
2026-04-16,9,巳时,芍药,42,44,16,48,40,46,46,35.9,48,55,70,66,23,起床,早十 09:30 起床
2026-04-16,10,巳时,芍药,75,72,32,68,65,65,58,36.1,55,72,78,72,36,上课学习,课堂专注，听觉主导
2026-04-16,11,午时,莲花,75,72,32,68,65,65,58,36.1,55,72,78,72,36,上课学习,课堂专注，听觉主导
2026-04-16,12,午时,莲花,35,38,22,35,30,35,40,36.0,45,42,52,56,18,休息,平稳状态
2026-04-16,13,未时,月季,35,38,22,35,30,35,40,35.9,45,42,52,56,18,休息,平稳状态
2026-04-16,14,未时,月季,75,72,32,68,65,65,58,36.1,55,72,78,72,36,上课学习,课堂专注，听觉主导
2026-04-16,15,申时,茉莉,75,72,32,68,65,65,58,36.1,55,72,78,72,36,上课学习,课堂专注，听觉主导
2026-04-16,16,申时,茉莉,75,72,32,68,65,65,58,36.1,55,72,78,72,36,上课学习,课堂专注，听觉主导
2026-04-16,17,酉时,桂花,75,72,32,68,65,65,58,36.1,55,72,78,72,36,上课学习,课堂专注，听觉主导
2026-04-16,18,酉时,桂花,75,72,32,68,65,65,58,36.1,55,72,78,72,36,上课学习,课堂专注，听觉主导
2026-04-16,19,戌时,萱草,68,70,62,36,26,32,50,35.9,60,46,52,56,31,骑电动车回宿舍,路噪环境
2026-04-16,20,戌时,萱草,68,70,62,36,26,32,50,35.9,60,46,52,56,31,骑电动车回宿舍,路噪环境
2026-04-16,21,亥时,夜来香,90,92,18,86,78,82,76,35.7,56,66,76,71,48,打游戏/追剧/看小说,视听触拉满
2026-04-16,22,亥时,夜来香,90,92,18,86,78,82,76,35.7,56,66,76,71,48,打游戏/追剧/看小说,视听触拉满
2026-04-16,23,子时,昙花,35,38,22,35,30,35,40,35.4,45,42,52,56,18,休息,平稳状态
2026-04-17,0,子时,昙花,10,12,3,5,3,5,12,35.4,35,20,35,40,5,睡觉,深度睡眠
2026-04-17,1,丑时,牵牛,10,12,3,5,3,5,12,35.4,35,20,35,40,5,睡觉,深度睡眠
2026-04-17,2,丑时,牵牛,10,12,3,5,3,5,12,35.5,35,20,35,40,5,睡觉,深度睡眠
2026-04-17,3,寅时,木槿,10,12,3,5,3,5,12,35.5,35,20,35,40,5,睡觉,深度睡眠
2026-04-17,4,寅时,木槿,10,12,3,5,3,5,12,35.6,35,20,35,40,5,睡觉,深度睡眠
2026-04-17,5,卯时,桃花,10,12,3,5,3,5,12,35.6,35,20,35,40,5,睡觉,深度睡眠
2026-04-17,6,卯时,桃花,10,12,3,5,3,5,12,35.7,35,20,35,40,5,睡觉,深度睡眠
2026-04-17,7,辰时,兰草,10,12,3,5,3,5,12,35.8,35,20,35,40,5,睡觉,深度睡眠
2026-04-17,8,辰时,兰草,10,12,3,5,3,5,12,35.8,35,20,35,40,5,睡觉,深度睡眠
2026-04-17,9,巳时,芍药,10,12,3,5,3,5,12,35.9,35,20,35,40,5,睡觉,深度睡眠
2026-04-17,10,巳时,芍药,40,42,15,45,35,42,45,35.9,48,52,68,63,22,起床,无课 10:00 起床
2026-04-17,11,午时,莲花,75,72,32,68,65,65,58,36.1,55,72,78,72,36,上课学习,课堂专注，听觉主导
2026-04-17,12,午时,莲花,35,38,22,35,30,35,40,36.0,45,42,52,56,18,休息,平稳状态
2026-04-17,13,未时,月季,35,38,22,35,30,35,40,35.9,45,42,52,56,18,休息,平稳状态
2026-04-17,14,未时,月季,75,72,32,68,65,65,58,36.1,55,72,78,72,36,上课学习,课堂专注，听觉主导
2026-04-17,15,申时,茉莉,75,72,32,68,65,65,58,36.1,55,72,78,72,36,上课学习,课堂专注，听觉主导
2026-04-17,16,申时,茉莉,75,72,32,68,65,65,58,36.1,55,72,78,72,36,上课学习,课堂专注，听觉主导
2026-04-17,17,酉时,桂花,75,72,32,68,65,65,58,36.1,55,72,78,72,36,上课学习,课堂专注，听觉主导
2026-04-17,18,酉时,桂花,75,72,32,68,65,65,58,36.1,55,72,78,72,36,上课学习,课堂专注，听觉主导
2026-04-17,19,戌时,萱草,68,70,62,36,26,32,50,35.9,60,46,52,56,31,骑电动车回宿舍,路噪环境
2026-04-17,20,戌时,萱草,68,70,62,36,26,32,50,35.9,60,46,52,56,31,骑电动车回宿舍,路噪环境
2026-04-17,21,亥时,夜来香,90,92,18,86,78,82,76,35.7,56,66,76,71,48,打游戏/追剧/看小说,视听触拉满
2026-04-17,22,亥时,夜来香,90,92,18,86,78,82,76,35.7,56,66,76,71,48,打游戏/追剧/看小说,视听触拉满
2026-04-17,23,子时,昙花,35,38,22,35,30,35,40,35.4,45,42,52,56,18,休息,平稳状态
2026-04-18,0,子时,昙花,10,12,3,5,3,5,12,35.4,35,20,35,40,5,睡觉,深度睡眠
2026-04-18,1,丑时,牵牛,10,12,3,5,3,5,12,35.4,35,20,35,40,5,睡觉,深度睡眠
2026-04-18,2,丑时,牵牛,10,12,3,5,3,5,12,35.5,35,20,35,40,5,睡觉,深度睡眠
2026-04-18,3,寅时,木槿,10,12,3,5,3,5,12,35.5,35,20,35,40,5,睡觉,深度睡眠
2026-04-18,4,寅时,木槿,10,12,3,5,3,5,12,35.6,35,20,35,40,5,睡觉,深度睡眠
2026-04-18,5,卯时,桃花,10,12,3,5,3,5,12,35.6,35,20,35,40,5,睡觉,深度睡眠
2026-04-18,6,卯时,桃花,10,12,3,5,3,5,12,35.7,35,20,35,40,5,睡觉,深度睡眠
2026-04-18,7,辰时,兰草,10,12,3,5,3,5,12,35.8,35,20,35,40,5,睡觉,深度睡眠
2026-04-18,8,辰时,兰草,10,12,3,5,3,5,12,35.8,35,20,35,40,5,睡觉,深度睡眠
2026-04-18,9,巳时,芍药,10,12,3,5,3,5,12,35.9,35,20,35,40,5,睡觉,深度睡眠
2026-04-18,10,巳时,芍药,40,42,15,45,35,42,45,35.9,48,52,68,63,22,起床,无课 10:00 起床
2026-04-18,11,午时,莲花,75,72,32,68,65,65,58,36.1,55,72,78,72,36,上课学习,课堂专注，听觉主导
2026-04-18,12,午时,莲花,35,38,22,35,30,35,40,36.0,45,42,52,56,18,休息,平稳状态
2026-04-18,13,未时,月季,35,38,22,35,30,35,40,35.9,45,42,52,56,18,休息,平稳状态
2026-04-18,14,未时,月季,75,72,32,68,65,65,58,36.1,55,72,78,72,36,上课学习,课堂专注，听觉主导
2026-04-18,15,申时,茉莉,75,72,32,68,65,65,58,36.1,55,72,78,72,36,上课学习,课堂专注，听觉主导
2026-04-18,16,申时,茉莉,75,72,32,68,65,65,58,36.1,55,72,78,72,36,上课学习,课堂专注，听觉主导
2026-04-18,17,酉时,桂花,75,72,32,68,65,65,58,36.1,55,72,78,72,36,上课学习,课堂专注，听觉主导
2026-04-18,18,酉时,桂花,75,72,32,68,65,65,58,36.1,55,72,78,72,36,上课学习,课堂专注，听觉主导
2026-04-18,19,戌时,萱草,68,70,62,36,26,32,50,35.9,60,46,52,56,31,骑电动车回宿舍,路噪环境
2026-04-18,20,戌时,萱草,68,70,62,36,26,32,50,35.9,60,46,52,56,31,骑电动车回宿舍,路噪环境
2026-04-18,21,亥时,夜来香,90,92,18,86,78,82,76,35.7,56,66,76,71,48,打游戏/追剧/看小说,视听触拉满
2026-04-18,22,亥时,夜来香,90,92,18,86,78,82,76,35.7,56,66,76,71,48,打游戏/追剧/看小说,视听触拉满
2026-04-18,23,子时,昙花,35,38,22,35,30,35,40,35.4,45,42,52,56,18,休息,平稳状态
2026-04-19,0,子时,昙花,10,12,3,5,3,5,12,35.4,35,20,35,40,5,睡觉,深度睡眠
2026-04-19,1,丑时,牵牛,10,12,3,5,3,5,12,35.4,35,20,35,40,5,睡觉,深度睡眠
2026-04-19,2,丑时,牵牛,10,12,3,5,3,5,12,35.5,35,20,35,40,5,睡觉,深度睡眠
2026-04-19,3,寅时,木槿,10,12,3,5,3,5,12,35.5,35,20,35,40,5,睡觉,深度睡眠
2026-04-19,4,寅时,木槿,10,12,3,5,3,5,12,35.6,35,20,35,40,5,睡觉,深度睡眠
2026-04-19,5,卯时,桃花,10,12,3,5,3,5,12,35.6,35,20,35,40,5,睡觉,深度睡眠
2026-04-19,6,卯时,桃花,10,12,3,5,3,5,12,35.7,35,20,35,40,5,睡觉,深度睡眠
2026-04-19,7,辰时,兰草,10,12,3,5,3,5,12,35.8,35,20,35,40,5,睡觉,深度睡眠
2026-04-19,8,辰时,兰草,10,12,3,5,3,5,12,35.8,35,20,35,40,5,睡觉,深度睡眠
2026-04-19,9,巳时,芍药,10,12,3,5,3,5,12,35.9,35,20,35,40,5,睡觉,深度睡眠
2026-04-19,10,巳时,芍药,40,42,15,45,35,42,45,35.9,48,52,68,63,22,起床,无课 10:00 起床
2026-04-19,11,午时,莲花,75,72,32,68,65,65,58,36.1,55,72,78,72,36,上课学习,课堂专注，听觉主导
2026-04-19,12,午时,莲花,35,38,22,35,30,35,40,36.0,45,42,52,56,18,休息,平稳状态
2026-04-19,13,未时,月季,35,38,22,35,30,35,40,35.9,45,42,52,56,18,休息,平稳状态
2026-04-19,14,未时,月季,75,72,32,68,65,65,58,36.1,55,72,78,72,36,上课学习,课堂专注，听觉主导
2026-04-19,15,申时,茉莉,75,72,32,68,65,65,58,36.1,55,72,78,72,36,上课学习,课堂专注，听觉主导
2026-04-19,16,申时,茉莉,75,72,32,68,65,65,58,36.1,55,72,78,72,36,上课学习,课堂专注，听觉主导
2026-04-19,17,酉时,桂花,75,72,32,68,65,65,58,36.1,55,72,78,72,36,上课学习,课堂专注，听觉主导
2026-04-19,18,酉时,桂花,75,72,32,68,65,65,58,36.1,55,72,78,72,36,上课学习,课堂专注，听觉主导
2026-04-19,19,戌时,萱草,68,70,62,36,26,32,50,35.9,60,46,52,56,31,骑电动车回宿舍,路噪环境
2026-04-19,20,戌时,萱草,68,70,62,36,26,32,50,35.9,60,46,52,56,31,骑电动车回宿舍,路噪环境
2026-04-19,21,亥时,夜来香,90,92,18,86,78,82,76,35.7,56,66,76,71,48,打游戏/追剧/看小说,视听触拉满
2026-04-19,22,亥时,夜来香,90,92,18,86,78,82,76,35.7,56,66,76,71,48,打游戏/追剧/看小说,视听触拉满
2026-04-19,23,子时,昙花,35,38,22,35,30,35,40,35.4,45,42,52,56,18,休息,平稳状态
2026-04-20,0,子时,昙花,10,12,3,5,3,5,12,35.4,35,20,35,40,5,睡觉,深度睡眠
2026-04-20,1,丑时,牵牛,10,12,3,5,3,5,12,35.4,35,20,35,40,5,睡觉,深度睡眠
2026-04-20,2,丑时,牵牛,10,12,3,5,3,5,12,35.5,35,20,35,40,5,睡觉,深度睡眠
2026-04-20,3,寅时,木槿,10,12,3,5,3,5,12,35.5,35,20,35,40,5,睡觉,深度睡眠
2026-04-20,4,寅时,木槿,10,12,3,5,3,5,12,35.6,35,20,35,40,5,睡觉,深度睡眠
2026-04-20,5,卯时,桃花,10,12,3,5,3,5,12,35.6,35,20,35,40,5,睡觉,深度睡眠
2026-04-20,6,卯时,桃花,10,12,3,5,3,5,12,35.7,35,20,35,40,5,睡觉,深度睡眠
2026-04-20,7,辰时,兰草,45,48,18,50,40,45,48,35.8,50,55,70,65,24,起床,早八 07:20 起床
2026-04-20,8,辰时,兰草,75,72,32,68,65,65,58,36.1,55,72,78,72,36,上课学习,课堂专注，听觉主导
2026-04-20,9,巳时,芍药,75,72,32,68,65,65,58,36.1,55,72,78,72,36,上课学习,课堂专注，听觉主导
2026-04-20,10,巳时,芍药,75,72,32,68,65,65,58,36.1,55,72,78,72,36,上课学习,课堂专注，听觉主导
2026-04-20,11,午时,莲花,75,72,32,68,65,65,58,36.1,55,72,78,72,36,上课学习,课堂专注，听觉主导
2026-04-20,12,午时,莲花,35,38,22,35,30,35,40,36.0,45,42,52,56,18,休息,平稳状态
2026-04-20,13,未时,月季,35,38,22,35,30,35,40,35.9,45,42,52,56,18,休息,平稳状态
2026-04-20,14,未时,月季,75,72,32,68,65,65,58,36.1,55,72,78,72,36,上课学习,课堂专注，听觉主导
2026-04-20,15,申时,茉莉,75,72,32,68,65,65,58,36.1,55,72,78,72,36,上课学习,课堂专注，听觉主导
2026-04-20,16,申时,茉莉,75,72,32,68,65,65,58,36.1,55,72,78,72,36,上课学习,课堂专注，听觉主导
2026-04-20,17,酉时,桂花,75,72,32,68,65,65,58,36.1,55,72,78,72,36,上课学习,课堂专注，听觉主导
2026-04-20,18,酉时,桂花,75,72,32,68,65,65,58,36.1,55,72,78,72,36,上课学习,课堂专注，听觉主导
2026-04-20,19,戌时,萱草,68,70,62,36,26,32,50,35.9,60,46,52,56,31,骑电动车回宿舍,路噪环境
2026-04-20,20,戌时,萱草,68,70,62,36,26,32,50,35.9,60,46,52,56,31,骑电动车回宿舍,路噪环境
2026-04-20,21,亥时,夜来香,90,92,18,86,78,82,76,35.7,56,66,76,71,48,打游戏/追剧/看小说,视听触拉满
2026-04-20,22,亥时,夜来香,90,92,18,86,78,82,76,35.7,56,66,76,71,48,打游戏/追剧/看小说,视听触拉满
2026-04-20,23,子时,昙花,35,38,22,35,30,35,40,35.4,45,42,52,56,18,休息,平稳状态
2026-04-21,0,子时,昙花,10,12,3,5,3,5,12,35.4,35,20,35,40,5,睡觉,深度睡眠
2026-04-21,1,丑时,牵牛,10,12,3,5,3,5,12,35.4,35,20,35,40,5,睡觉,深度睡眠
2026-04-21,2,丑时,牵牛,10,12,3,5,3,5,12,35.5,35,20,35,40,5,睡觉,深度睡眠
2026-04-21,3,寅时,木槿,10,12,3,5,3,5,12,35.5,35,20,35,40,5,睡觉,深度睡眠
2026-04-21,4,寅时,木槿,10,12,3,5,3,5,12,35.6,35,20,35,40,5,睡觉,深度睡眠
2026-04-21,5,卯时,桃花,10,12,3,5,3,5,12,35.6,35,20,35,40,5,睡觉,深度睡眠
2026-04-21,6,卯时,桃花,10,12,3,5,3,5,12,35.7,35,20,35,40,5,睡觉,深度睡眠
2026-04-21,7,辰时,兰草,10,12,3,5,3,5,12,35.8,35,20,35,40,5,睡觉,深度睡眠
2026-04-21,8,辰时,兰草,10,12,3,5,3,5,12,35.8,35,20,35,40,5,睡觉,深度睡眠
2026-04-21,9,巳时,芍药,42,44,16,48,40,46,46,35.9,48,55,70,66,23,起床,早十 09:30 起床
2026-04-21,10,巳时,芍药,75,72,32,68,65,65,58,36.1,55,72,78,72,36,上课学习,课堂专注，听觉主导
2026-04-21,11,午时,莲花,75,72,32,68,65,65,58,36.1,55,72,78,72,36,上课学习,课堂专注，听觉主导
2026-04-21,12,午时,莲花,35,38,22,35,30,35,40,36.0,45,42,52,56,18,休息,平稳状态
2026-04-21,13,未时,月季,35,38,22,35,30,35,40,35.9,45,42,52,56,18,休息,平稳状态
2026-04-21,14,未时,月季,75,72,32,68,65,65,58,36.1,55,72,78,72,36,上课学习,课堂专注，听觉主导
2026-04-21,15,申时,茉莉,75,72,32,68,65,65,58,36.1,55,72,78,72,36,上课学习,课堂专注，听觉主导
2026-04-21,16,申时,茉莉,75,72,32,68,65,65,58,36.1,55,72,78,72,36,上课学习,课堂专注，听觉主导
2026-04-21,17,酉时,桂花,75,72,32,68,65,65,58,36.1,55,72,78,72,36,上课学习,课堂专注，听觉主导
2026-04-21,18,酉时,桂花,75,72,32,68,65,65,58,36.1,55,72,78,72,36,上课学习,课堂专注，听觉主导
2026-04-21,19,戌时,萱草,68,70,62,36,26,32,50,35.9,60,46,52,56,31,骑电动车回宿舍,路噪环境
2026-04-21,20,戌时,萱草,68,70,62,36,26,32,50,35.9,60,46,52,56,31,骑电动车回宿舍,路噪环境
2026-04-21,21,亥时,夜来香,90,92,18,86,78,82,76,35.7,56,66,76,71,48,打游戏/追剧/看小说,视听触拉满
2026-04-21,22,亥时,夜来香,90,92,18,86,78,82,76,35.7,56,66,76,71,48,打游戏/追剧/看小说,视听触拉满
2026-04-21,23,子时,昙花,35,38,22,35,30,35,40,35.4,45,42,52,56,18,休息,平稳状态
2026-04-22,0,子时,昙花,10,12,3,5,3,5,12,35.4,35,20,35,40,5,睡觉,深度睡眠
2026-04-22,1,丑时,牵牛,10,12,3,5,3,5,12,35.4,35,20,35,40,5,睡觉,深度睡眠
2026-04-22,2,丑时,牵牛,10,12,3,5,3,5,12,35.5,35,20,35,40,5,睡觉,深度睡眠
2026-04-22,3,寅时,木槿,10,12,3,5,3,5,12,35.5,35,20,35,40,5,睡觉,深度睡眠
2026-04-22,4,寅时,木槿,10,12,3,5,3,5,12,35.6,35,20,35,40,5,睡觉,深度睡眠
2026-04-22,5,卯时,桃花,10,12,3,5,3,5,12,35.6,35,20,35,40,5,睡觉,深度睡眠
2026-04-22,6,卯时,桃花,10,12,3,5,3,5,12,35.7,35,20,35,40,5,睡觉,深度睡眠
2026-04-22,7,辰时,兰草,45,48,18,50,40,45,48,35.8,50,55,70,65,24,起床,早八 07:20 起床
2026-04-22,8,辰时,兰草,75,72,32,68,65,65,58,36.1,55,72,78,72,36,上课学习,课堂专注，听觉主导
2026-04-22,9,巳时,芍药,75,72,32,68,65,65,58,36.1,55,72,78,72,36,上课学习,课堂专注，听觉主导
2026-04-22,10,巳时,芍药,75,72,32,68,65,65,58,36.1,55,72,78,72,36,上课学习,课堂专注，听觉主导
2026-04-22,11,午时,莲花,75,72,32,68,65,65,58,36.1,55,72,78,72,36,上课学习,课堂专注，听觉主导
2026-04-22,12,午时,莲花,35,38,22,35,30,35,40,36.0,45,42,52,56,18,休息,平稳状态
2026-04-22,13,未时,月季,35,38,22,35,30,35,40,35.9,45,42,52,56,18,休息,平稳状态
2026-04-22,14,未时,月季,75,72,32,68,65,65,58,36.1,55,72,78,72,36,上课学习,课堂专注，听觉主导
2026-04-22,15,申时,茉莉,75,72,32,68,65,65,58,36.1,55,72,78,72,36,上课学习,课堂专注，听觉主导
2026-04-22,16,申时,茉莉,75,72,32,68,65,65,58,36.1,55,72,78,72,36,上课学习,课堂专注，听觉主导
2026-04-22,17,酉时,桂花,75,72,32,68,65,65,58,36.1,55,72,78,72,36,上课学习,课堂专注，听觉主导
2026-04-22,18,酉时,桂花,75,72,32,68,65,65,58,36.1,55,72,78,72,36,上课学习,课堂专注，听觉主导
2026-04-22,19,戌时,萱草,68,70,62,36,26,32,50,35.9,60,46,52,56,31,骑电动车回宿舍,路噪环境
2026-04-22,20,戌时,萱草,68,70,62,36,26,32,50,35.9,60,46,52,56,31,骑电动车回宿舍,路噪环境
2026-04-22,21,亥时,夜来香,90,92,18,86,78,82,76,35.7,56,66,76,71,48,打游戏/追剧/看小说,视听触拉满
2026-04-22,22,亥时,夜来香,90,92,18,86,78,82,76,35.7,56,66,76,71,48,打游戏/追剧/看小说,视听触拉满
2026-04-22,23,子时,昙花,35,38,22,35,30,35,40,35.4,45,42,52,56,18,休息,平稳状态
2026-04-23,0,子时,昙花,10,12,3,5,3,5,12,35.4,35,20,35,40,5,睡觉,深度睡眠
2026-04-23,1,丑时,牵牛,10,12,3,5,3,5,12,35.4,35,20,35,40,5,睡觉,深度睡眠
2026-04-23,2,丑时,牵牛,10,12,3,5,3,5,12,35.5,35,20,35,40,5,睡觉,深度睡眠
2026-04-23,3,寅时,木槿,10,12,3,5,3,5,12,35.5,35,20,35,40,5,睡觉,深度睡眠
2026-04-23,4,寅时,木槿,10,12,3,5,3,5,12,35.6,35,20,35,40,5,睡觉,深度睡眠
2026-04-23,5,卯时,桃花,10,12,3,5,3,5,12,35.6,35,20,35,40,5,睡觉,深度睡眠
2026-04-23,6,卯时,桃花,10,12,3,5,3,5,12,35.7,35,20,35,40,5,睡觉,深度睡眠
2026-04-23,7,辰时,兰草,10,12,3,5,3,5,12,35.8,35,20,35,40,5,睡觉,深度睡眠
2026-04-23,8,辰时,兰草,10,12,3,5,3,5,12,35.8,35,20,35,40,5,睡觉,深度睡眠
2026-04-23,9,巳时,芍药,42,44,16,48,40,46,46,35.9,48,55,70,66,23,起床,早十 09:30 起床
2026-04-23,10,巳时,芍药,75,72,32,68,65,65,58,36.1,55,72,78,72,36,上课学习,课堂专注，听觉主导
2026-04-23,11,午时,莲花,75,72,32,68,65,65,58,36.1,55,72,78,72,36,上课学习,课堂专注，听觉主导
2026-04-23,12,午时,莲花,35,38,22,35,30,35,40,36.0,45,42,52,56,18,休息,平稳状态
2026-04-23,13,未时,月季,35,38,22,35,30,35,40,35.9,45,42,52,56,18,休息,平稳状态
2026-04-23,14,未时,月季,75,72,32,68,65,65,58,36.1,55,72,78,72,36,上课学习,课堂专注，听觉主导
2026-04-23,15,申时,茉莉,75,72,32,68,65,65,58,36.1,55,72,78,72,36,上课学习,课堂专注，听觉主导
2026-04-23,16,申时,茉莉,75,72,32,68,65,65,58,36.1,55,72,78,72,36,上课学习,课堂专注，听觉主导
2026-04-23,17,酉时,桂花,75,72,32,68,65,65,58,36.1,55,72,78,72,36,上课学习,课堂专注，听觉主导
2026-04-23,18,酉时,桂花,75,72,32,68,65,65,58,36.1,55,72,78,72,36,上课学习,课堂专注，听觉主导
2026-04-23,19,戌时,萱草,68,70,62,36,26,32,50,35.9,60,46,52,56,31,骑电动车回宿舍,路噪环境
2026-04-23,20,戌时,萱草,68,70,62,36,26,32,50,35.9,60,46,52,56,31,骑电动车回宿舍,路噪环境
2026-04-23,21,亥时,夜来香,90,92,18,86,78,82,76,35.7,56,66,76,71,48,打游戏/追剧/看小说,视听触拉满
2026-04-23,22,亥时,夜来香,90,92,18,86,78,82,76,35.7,56,66,76,71,48,打游戏/追剧/看小说,视听触拉满
2026-04-23,23,子时,昙花,35,38,22,35,30,35,40,35.4,45,42,52,56,18,休息,平稳状态
